组,关系,技能（优先级高→低）,技能ID,效果说明
敏捷,互斥,高级敏捷＞敏捷,86＞36,速度 +20%（高级）／+10%
强力,互斥,高级强力＞强力,87＞37,攻击 +等级×0.6（高级）／×0.4
防御,互斥,高级防御＞防御,88＞38,防御 +等级×0.8（高级）／×0.6；自身法术伤害-10%
飞行,互斥,高级飞行＞飞行,74＞24,闪避 +30%（高级）／+20%，法术防御 +2%／+1%
必杀,互斥,高级必杀＞必杀,81＞31,必杀率 +20%（高级）／+10%（大快朵颐再+10%）
夜战,互斥,高级夜战＞夜战,75＞25,必杀率 +10%（高级）／+5%，法术防御 +2%／+1%（高级夜战 夜间闪避+10%）
连击,互斥,理直气壮＞高级连击＞连击,136＞73＞23,连击45%、高级连击55%几率攻击两次；理直气壮40%几率攻击三次（持有连击系自身物理伤害-20%，被理直气壮覆盖时失效）
法术暴击,互斥,魔火焚世＞高级法术暴击＞法术暴击,297＞98＞48,法术暴击率 +15%（魔火焚世／高级法术暴击）／+10%（法术暴击）；魔火焚世与法术暴击系共存时失效（叱咤风云再+10%）
法术连击,互斥,高级法术连击＞法术连击,97＞47,法术攻击30%（高级）／15%几率连击一次，连击伤害为正常的50%
法术波动,互斥,高级法术波动＞法术波动,99＞49,法术伤害在90%~130%（高级）／80%~120%浮动；免疫被法术反震
毒,互斥,高级毒＞毒,90＞40,普攻20%（高级）／15%几率附加中毒
神佑复生,互斥,高级神佑复生＞神佑复生,94＞44,受致命伤害时30%（高级）／15%几率满血复活；与鬼魂术/高级鬼魂术共存则失效
鬼魂术,互斥,高级鬼魂术＞鬼魂术,92＞42,死亡5回合后满血复活（高级额外 速度+10%）；不能作为复活类药品/技能的对象
隐身,互斥,高级隐身＞隐身＞修罗隐身,76＞26＞285,战斗开局附加隐身；持有自身物理伤害-15%（高级隐身）／-20%（隐身）
反击,互斥,高级反击＞反击,70＞20,受普通攻击时30%几率反击
驱鬼,互斥,高级驱鬼＞驱鬼,91＞41,对鬼魂术/高级鬼魂术单位造成200%（高级）／150%伤害，且不触发其复活
慧根,互斥,高级慧根＞慧根,80＞30,法力消耗 -50%（高级）／-25%
永恒,互斥,高级永恒＞永恒,85＞35,受到辅助状态的回合数 +4（高级）／+2
再生,互斥,高级再生＞再生,78＞28,每回合回复气血：等级×1（高级）／等级×0.5（普通）
冥思,互斥,高级冥思＞冥思,79＞29,每回合回复法力：等级×1/3（高级）／×1/4（普通）
偷袭,互斥,高级偷袭＞偷袭,89＞39,避免被反击/反震，物理伤害 +10%（高级）／+5%
招架,互斥,高级招架＞招架,84＞34,物防 +20%（高级）／+10%（对方有强力/高级强力时失效）
法术抵抗,互斥,高级法术抵抗＞法术抵抗,55＞50,法术防御 +10%（高级）／+5%，物理伤害 -10%
合纵,互斥,高级合纵＞合纵,57＞52,本方每有一种不同召唤兽提高 等级×0.5（高级）／×0.25 物理伤害；自身被封印几率+10%
魔之心,互斥,高级魔之心＞魔之心,93＞43,法术伤害 +20%（高级）／+10%
吸血,互斥,高级吸血＞吸血,72＞22,普攻吸取对方30%（高级）／15%伤害为气血（物理技能下20%／10%）
反震,互斥,高级反震＞反震,71＞21,受普通攻击时30%几率反震50%（高级）／25%伤害（偷袭无效）
法术反震,互斥,高级法术反震＞法术反震,58＞53,受法术攻击时30%几率反震50%（高级）／25%伤害
追击,互斥,翩鸿追击＞苍鸾怒击＞嗜血追击,211＞125＞123,嗜血追击45%几率追击（苍鸾怒击存在时失效）；苍鸾怒击普攻后追击伤害×0.7；翩鸿追击普攻后再攻击另一目标一次
盾气,互斥,高级盾气＞盾气,56＞51,战斗开始防御 +等级×2（高级）／×1，持续5回合、每回合递减0.4（高级）／0.2；有隐身时失效、不受永恒影响
精神集中,互斥,高级精神集中＞精神集中,95＞45,抗封印 +40%（高级）／+20%，自身速度 -10%／-20%
否定信仰,互斥,高级否定信仰＞否定信仰,96＞46,抗封印 +40%（高级）／+20%，法术伤害 -10%／-20%
神迹,互斥,高级神迹＞神迹,83＞33,抗封印 +40%（高级）／+20%，物理伤害 -10%／-20%
独行,可叠加,高级独行＋独行,59＋54,两者都能免疫封印（OR组）；高级独行 抗封印+40%、法术防御+2%，独行 抗封印+20%
封印免疫,可叠加(OR),高级精神集中／精神集中／高级否定信仰／否定信仰／高级神迹／神迹／高级独行／独行,95／45／96／46／83／33／59／54,以上任一存在即获得封印抗性（可叠加）：高级+40%、普通+20%；每组内高级＞普通仍互斥
幸运,可叠加,高级幸运＋幸运,82＋32,两者都不受必杀（OR）；高级幸运额外 物理伤害+5%
感知,可叠加,高级感知＋感知,77＋27,两者都能识破隐身（OR）；高级感知额外 躲避+10%
低级法术,独立,牛刀小试,9,行走江湖的初级技能，普攻两名敌人。
测试技能,独立,全秒测试技能,10,秒杀全部敌人（内部测试技能）
特殊技能,独立,惊心一剑,101,物理攻击单个敌人，若触发必杀则再攻击一次。
特殊技能,独立,死亡召唤,102,物理攻击单个敌人，额外造成“敌人当前气血2%的伤害” （额外的伤害最大值为800）
特殊技能,独立,善恶有报,103,物理攻击单个敌人，66%概率造成双倍的伤害，33%概率为对方恢复60%伤害的气血。 （如果给对方恢复了气血，则自身会在5回合内增加20%速度）
特殊技能,独立,力劈华山,104,攻击力高于敌方80%时会造成高额伤害，且同时追击一个目标。 （追击伤害 = 普攻*0.65）
特殊技能,独立,夜舞倾城,105,发动物理攻击单个敌人 (造成的物理伤害=自身力量点*1.5+自身速度/3)
特殊技能,独立,壁垒击破,106,用此技能攻击敌人时，会忽视一切有关防御加成的效果 (无视“防御”被动和“百分比防御”的抗性加成)
特殊技能,独立,剑荡四方,107,物理攻击多个敌人，伤害由60%开始递增，每攻击一次伤害 + 5%。
特殊技能,独立,法力陷阱,108,对单个敌人造成法术伤害的同时减少其魔法值，并且增加自身的魔法值 （减少的魔法值=敌方人数*50;增加的魔法值=减少魔法值的50%）
特殊技能,独立,八凶法阵,109,发动法术攻击3个敌人 (造成120%的魔法伤害)
特殊技能,独立,天降灵葫,110,群体法术攻击5个敌人 (造成110%的魔法伤害)
特殊技能,独立,月光,111,群体法术攻击4个敌人 (当攻击结束时，会对选择的目标再攻击一次)
特殊技能,独立,食指大动,112,强化的唧唧歪歪，对全体敌人造成“自身等级*6+150”的伤害
特殊技能,独立,烈火,113,施展法术对单个敌人造成伤害.
特殊技能,独立,水攻,114,施展法术对单个敌人造成伤害.
特殊技能,独立,落岩,115,施展法术对单个敌人造成伤害.
特殊技能,独立,雷击,116,施展法术对单个敌人造成伤害.
特殊技能,独立,泰山压顶,117,"发动法术攻击敌人 (技能目标为自身等级/30+1,最多为3个目标)"
特殊技能,独立,地狱烈火,118,"发动法术攻击敌人 (技能目标为自身等级/30+1,最多为3个目标)"
特殊技能,独立,水漫金山,119,"发动法术攻击敌人 (技能目标为自身等级/30+1,最多为3个目标)"
特殊技能,独立,奔雷咒,120,"发动法术攻击敌人 (技能目标为自身等级/30+1,最多为3个目标)"
特殊技能,独立,迟钝,121,很不幸，此单位的速度减少了20%
特殊技能,独立,法术防御,122,减少自身受到的65%魔法伤害，但会增加自身受到的35%物理伤害
特殊技能,独立,灵能激发,124,法术伤害 +（10+灵力/200）%
特殊技能,独立,从天而降,126,普攻有50%的概率额外增幅15%伤害。
特殊技能,独立,大快朵颐,127,“连击/高级连击/必杀/高级必杀”触发概率 + 10%。
特殊技能,独立,浮云神马,128,战斗中提高自己及主人20%的速度
特殊技能,独立,灵山禅语,129,增加自身（5+灵力/200）%的魔法防御。
特殊技能,独立,龙魂,130,每次成功使用法术后会提升自身5%的魔法伤害 (每场战斗提升的上限为30%)
特殊技能,独立,千钧一怒,131,普通攻击造成伤害的同时会回复主人的魔法值 （回复的魔法值=伤害的10%）
特殊技能,独立,无畏布施,132,增加自身的15%物理防御、15%魔法防御 （降低自身的10%敏捷）
特殊技能,独立,须弥真言,133,战斗中增加自身灵力*0.4的魔法伤害
特殊技能,独立,津津有味,134,普攻会回复主人及周边两个角色的气血值。（回复总量=伤害的12%）
特殊技能,独立,叱咤风云,135,“法术连击/高级法术连击/法术暴击/高级法术暴击”触发几率 + 10%。
特殊技能,独立,凝光炼彩,137,受到法术攻击时25%概率会回血。
特殊技能,独立,净台妙谛,138,增加自身体质*2的气血上限
五庄观,独立,炼气化神,181,一定回合内补充自己或队友的魔法
五庄观,独立,驱魔,182,解除方寸山封类法术的影响。 (催眠符/失心符/追魂符/失魂符/定身符/碎甲符)
五庄观,独立,日月乾坤,183,令对手一定回合内无法行动
五庄观,独立,三花聚顶,184,消耗“等级X10的气血值”来补充“等级X5的魔法值”。
五庄观,独立,生命之泉,185,一定回合内补充自己和队友的气血 (技能目标为 自身等级/30+1 )
五庄观,独立,烟雨剑法,186,对单个敌人连续物理攻击2次。
五庄观,独立,飘渺式,187,"使用后可以攻击不同敌人 (数目为 等级/30+1 ,最多目标为3人)"
五庄观,独立,驱尸,188,已方单体解除中毒的状态。
五庄观,独立,天地同寿,189,让全体队友附加法术防御效果，免疫受到的50%法术伤害 （持续3回合）
五庄观,独立,化气为灵,190,召唤葫芦灵兽参与战斗，其属性为召唤者属性的80%
化生,独立,唧唧歪歪,192,施展法术技能攻击敌人 (技能目标为 自身等级/20+1 )
化生,独立,金刚护法,193,战斗中临时提高自己或队友的物理伤害 (技能目标为 自身等级/30+1 )
化生,独立,金刚护体,194,战斗中临时提高自己或队友的物理防御 (技能目标为 自身等级/30+1 )
化生,独立,一苇渡江,195,战斗中临时提高自己或队友的敏捷速度 (技能目标为 自身等级/30+1 )
化生,独立,我佛慈悲,196,复活已方单个队友，并恢复其10%的血量。
化生,独立,针灸,197,已方单体恢复气血。
化生,独立,推气过宫,198,使用后可以恢复多个队友的气血 (技能目标为 自身等级/30+1 )
化生,独立,解毒,199,已方单体解除中毒的状态。
化生,独立,舍生取义,200,复活一名阵亡的队友，转移自身当前气血的80%到队友身上
化生,独立,佛法无边,201,恢复3个队友的气血，且选择的主目标附加增益状态。 增益状态：[金刚护法/一苇渡江/金刚护体]随机一个，持续5回合
大唐官府,独立,横扫千军,203,"连续攻击对方3次,休息一回合 (休息时无法行动)"
大唐官府,独立,后发制人,204,选择一个目标后，当前回合进入蓄力状态，在下个回合会先手对此目标造成240%的物理伤害
大唐官府,独立,杀气诀,205,战斗中临时提高自己或队友的命中
大唐官府,独立,反间之计,206,施放法术令对方混乱 (混乱状态下的单位会攻击队友)
大唐官府,独立,破釜沉舟,207,"使用后可以攻击不同的敌人,使用后休息一回合 （目标数为等级/100+3）"
大唐官府,独立,抛砖引玉,208,对一个敌人造成物理伤害的同时，让施法者自身附带“极度疯狂”的反击效果 （持续3回合）
大唐官府,独立,万剑归一,209,对单个敌人进行多次物理攻击，伤害为普攻的90%。（使用后休息一回合） 攻击次数：等级/25+1(上限6次)
大唐官府,独立,安神诀,210,战斗中提升自己的灵力
大唐官府,独立,单刀直入,212,对单个敌人进行物理攻击，并让自身附加“一苇渡江”状态。 （一苇渡江：增加20%速度，持续5回合）
天宫,独立,天神护体,214,战斗中提升自己的灵力
天宫,独立,知己知彼,215,使用后可以得知对方的当前气血值
天宫,独立,宁心,216,解除女儿村封类法术的负面状态。 (莲步轻舞/似玉生香/如花解语/迷神香雾/柳暗花明)
天宫,独立,错乱,217,施放法术令对方混乱 (混乱状态下的单位会攻击队友)
天宫,独立,百万神兵,218,物理暴击率 + 15%。
天宫,独立,天雷斩,219,"使用后可以攻击不同敌人 (数目为 等级/30+1 ,最多目标为3人)"
天宫,独立,五雷轰顶,220,"一半几率造成敌人当前气血12.5%的伤害,一半几率造成5%的伤害 (对剧情BOSS只造成1%的伤害)"
天宫,独立,天命剑法,221,对敌方单体进行3次物理攻击，当第3次伤害值为奇数时，可额外多打1次，最多打6次。（使用后休息一回合）
天宫,独立,雷霆万钧,222,"施展法术攻击对方,造成高伤害 （技能目标为 等级/50+1 ）"
天宫,独立,临危不乱,223,召唤巡守神将参与战斗，其属性为召唤者属性的80%
女儿,独立,满天花雨,225,"临时提升自身的伤害攻击对方,并可能使对手中毒."
女儿,独立,莲步轻舞,226,令对手一定回合无法使用法术和特技
女儿,独立,似玉生香,227,令对手一定回合无法行动
女儿,独立,百毒不侵,228,给队友解毒.并回复其气血 (回复值=施法者等级+50)
女儿,独立,雨落寒沙,229,对全体敌人造成“施法者等级*4+100”的固定伤害，且有概率对其附加【状态】。
女儿,独立,如花解语,230,令对方无法使用物理攻击
女儿,独立,飞花摘叶,231,恢复我方全体队友的魔法值 （恢复值=施法者等级X0.75+100）
女儿,独立,红袖添香,232,召唤律法精卫参与战斗，其属性为召唤者属性的80%
女儿,独立,迷神香雾,233,令3名对手变成大海龟，并让其获得降低20%敏捷的迟钝效果 (持续3回合)
女儿,独立,柳暗花明,234,令3名敌人陷入易损状态，受到任何来源的伤害会增加20% （忽略敌人一切的抗封属性，包括BOSS类敌人，持续3回合）
方寸,独立,五雷咒,236,对多个敌人进行法术攻击，且对指定状态有额外伤害提升。 （如果目标有方寸的封印状态，则会额外受到50%伤害）
方寸,独立,催眠符,237,令对手在受到伤害前无法行动
方寸,独立,失心符,238,"令对手一定回合无法使用法术,并降低灵力"
方寸,独立,追魂符,239,"令对手一定回合无法使用物理攻击,并减少物理防御"
方寸,独立,失魂符,240,"令对手一定回合无法使用法术,并降低物理防御"
方寸,独立,定身符,241,"令对手一定回合无法使用物理攻击,并减少法术防御"
方寸,独立,碎甲符,242,降低对方多人物理防御力及灵力 (数目为 等级/30+1 )
方寸,独立,水陆道场,243,技能封印概率 + 15%。
方寸,独立,幻音古钟,244,对敌方4个目标释放“催眠符”，使用后休息一回合
方寸,独立,三星灭魔,245,驱除全场（含敌方）的异类、辅助、加血等状态效果 （让全场附加的状态全部清空）
普陀,独立,普渡众生,247,"给两名队友持续恢复气血,持续5个回合."
普陀,独立,紧箍咒,248,一定回合内减少对方的气血 （每回合会减少6%的当前气血）
普陀,独立,杨柳甘露,249,可以复活死亡的队友 (复活后的气血值=使用者的等级值*5)
普陀,独立,五行咒,250,对敌人造成“自身等级*8”的固定伤害。
普陀,独立,自在心法,251,清除全体队友身上的“普渡众生”效果，根据剩余的回合数直接恢复气血 （使用后休息一回合）
普陀,独立,灵动九天,252,战斗中增加3名友方单位的法术伤害和法术防御 (持续4回合)
普陀,独立,沐日慈悲,253,使3名队友在2回合内免疫死亡，保持最低气血 (最低气血=施法者的等级)
普陀,独立,神怜苍生,254,增加20%的治疗技能效果。
普陀,独立,清静菩提,255,对2名队友使用，此队友在受到法术攻击时会加血，持续3回合 （加血值=受到伤害的25%）
普陀,独立,曙光定神,256,"让2名队友在物理攻击时,会吸取对方所掉气血的30%来加血，持续3回合 （单次最高吸收量=攻击者等级X3）"
狮驼,独立,变身,258,临时提高伤害力 (是使用象形、鹰击、狮搏和连环击的前提)
狮驼,独立,象形,259,变身状态下攻击敌人.并令其下回合无法行动 (使用后会取消自身的变身效果)
狮驼,独立,鹰击,260,"变身状态下攻击对方多人,使用后需要休息1回合 (数目为 等级/25+1 )"
狮驼,独立,威慑,261,令对手一定回合内无法行动
狮驼,独立,狮搏,262,变身状态下攻击敌方单人.造成平时120%的物理伤害
狮驼,独立,连环击,263,变身下疯狂地连续攻击敌人，使用后休息一回合 (攻击次数为 等级/25+1 )
狮驼,独立,天魔解体,264,"使用后持续一定回合数将自身的物理防御降低50%,但物理伤害增加40%"
狮驼,独立,定心术,265,战斗中提升自己的灵力
狮驼,独立,极度疯狂,266,使用后可以在受到物理攻击的时候自动反击 （附带高级反击效果）
狮驼,独立,万兽统领,267,对1名敌人造成物理伤害，攻击结束后让变身状态的回合数+1 （未变身的情况下则会获得变身效果）
盘丝,独立,勾魂,269,减少对方（施法者等级*6+100）的气血并恢复自身气血。
盘丝,独立,摄魄,270,减少对方（自身等级*6）的魔法并恢复自身魔法。
盘丝,独立,含情脉脉,271,令对手一定回合内无法行动
盘丝,独立,禁魔,272,对敌方单体造成“自身等级*6+100”的固定伤害。 清除目标全部状态(变身/休息/隐身等状态不会被影响)
盘丝,独立,天罗地网,273,对敌方多体造成“自身等级*8”的固定伤害，并有概率对其附加【状态】。
盘丝,独立,与君同醉,274,对1名队友使用，当此队友愤怒增加的时候，施法者也会增加等量的愤怒值 （持续3个回合）
盘丝,独立,碎琼乱玉,275,对2名队友使用，此队友在受到法术攻击时会加血，持续3回合 （加血值=受到伤害的25%）
盘丝,独立,瘴气,276,降低3名敌人50%的法术治疗效果 （持续5回合）
盘丝,独立,天蚕丝,277,提升自己或者队友25%的必杀几率 （持续4回合）
盘丝,独立,媚眼如丝,278,对全体队友使用，令其在回合结束的时候获得以下效果： ①减少等级*0.5的魔法值 ②增加“减少魔法值X3+100”的气血 （持续5回合）
地府,独立,阎罗令,280,对多名敌人造成“自身等级*8+150”的固定伤害。
地府,独立,判官令,281,对单个敌人造成“自身等级*10+150”的伤害
地府,独立,寡欲令,282,解除盘丝洞封类法术的影响。(含情脉脉/天罗地网/瘴气)
地府,独立,幽冥鬼眼,283,"对隐身的敌人使用,使其现身且让其隐身效果失效."
地府,独立,尸腐毒,284,对敌方单体造成其当前气血的5%伤害，并概率对其附加【状态】。(对剧情类BOSS只造成1%的伤害) 对队友恢复造成伤害的20%气血(最高600)。
地府,独立,还阳术,286,"复活倒地的队友,5个回合内增加其攻击力,降低其防御"
地府,独立,黄泉之息,287,"重击对方单人,并一定几率降低速度和防御"
地府,独立,魂兮归来,288,召唤无名魂兮参与战斗，其属性为召唤者属性的80%
地府,独立,六道轮回,289,"对4名敌人进行法术攻击,一定几率降低其20%物理伤害"
魔王,独立,飞砂走石,291,对多个敌人进行法术攻击。
魔王,独立,三昧真火,292,对单个敌人进行法术攻击，造成高额法术伤害。
魔王,独立,牛劲,293,战斗中提升自己的灵力
魔王,独立,魔王回首,294,使用后可以在受到物理攻击的时候自动反击 （附带高级反击效果）
魔王,独立,无敌牛虱,295,召唤雷角斗兽参与战斗，其属性为召唤者属性的80%
魔王,独立,火甲术,296,当自身受到物理攻击、法术攻击时，将自动使用“三味真火”进行反击 （持续3回合）
魔王,独立,震天咒,298,一定回合内减少对方的气血 （每回合会减少6%的当前气血）
魔王,独立,魔王护持,299,对3名敌方单位进行嘲讽，使其接下来的3个回合都以自己为目标进行攻击
魔王,独立,沉戈断戟,300,造成法术伤害的同时，降低4名敌人的物理伤害和法术伤害 （持续4回合）
龙宫,独立,解封,302,解除女儿村封类法术的负面状态。 (莲步轻舞/似玉生香/如花解语/迷神香雾/柳暗花明)
龙宫,独立,御龙诀,303,已方单体附加【状态】。
龙宫,独立,龙腾,304,对单个敌人进行法术攻击，造成高额法术伤害。
龙宫,独立,龙卷雨击,305,对多人进行法术攻击 (数目为 等级/25+1 )
龙宫,独立,乘风破浪,306,法术连击率 + 25%。(连击的伤害是正常的50%) (拥有法术连击/高级法术连击时本技能将失效)
龙宫,独立,龙吟,307,对敌方全体造成(施法者等级*2+100)的伤害，且减少目标(施法者等级*1)的魔法值。
龙宫,独立,神龙摆尾,308,对一名队友使用，可让其减少20%所受的物理伤害 （持续5回合）
龙宫,独立,二龙戏珠,309,"对2人进行法术攻击,造成高额法术伤害"
龙宫,独立,魔浪滔天,310,对敌方多体造成法术伤害，目标损失的气血越多，伤害就越高。（伤害最大为200%）
龙宫,独立,呼风唤雨,311,"对单人进行3次法术攻击,当第3次伤害数值为奇数时，可以额外多打1次，最多打6次"
辅助技能,独立,强身术,313,古老的修身健体之术，流传年代十分久远。 【功效】增加自身气血上限
辅助技能,独立,冥想,314,长时间的劳累容易耗神，冥想可以增加你的思想范围。 【功效】增加自身魔法上限
辅助技能,独立,健身,315,身体是本钱，有一个强健的身躯很重要。 【功效】增加自身体力上限
辅助技能,独立,养生,316,年纪轻轻怎可么得活力，懂得养生才是长生之道。 【功效】增加自身活力上限
辅助技能,独立,狩猎,317,可以增加战斗中捕捉召唤兽的熟练度。 【功效】增加捕捉成功率
辅助技能,独立,逃离,318,三十六计走为上，打不过就跑。 【功效】增加逃跑成功率
特效,独立,神佑,151,受到使命伤害时，有20%的几率会回复到满血状态
特效,独立,珍宝,152,出售的时候，获得的金钱是正常价值的5倍
特效,独立,必中,153,普通物理攻击命中率为100%
特效,独立,神农,154,被药品恢复时候，额外恢复20%的气血和魔法
特效,独立,简易,155,佩戴装备的“装备等级要求”会再降低5级
特效,独立,无级别限制,156,佩戴装备的“装备等级要求”会被无视掉
特效,独立,永不磨损,157,装备的耐久度不会减少
特效,独立,狩猎,158,捕捉召唤兽时的成功率提升20%
特效,独立,暴怒,159,因气血损失而增加愤怒时，会额外获得20%的愤怒
特效,独立,再生,160,佩戴者每回合可以回复一定的气血值。
特效,独立,冥思,161,佩戴者每回合可以回复魔法，为装备等级/3
特技,独立,四海升平,167,恢复全体队友20%气血
特技,独立,起死回生,168,复活单个已阵亡的队友，并恢复30%气血。
特技,独立,慈航普度,169,复活所有已阵亡的队友，并恢复50%气血。
特技,独立,水清诀,170,解除单人的各种异常状态
特技,独立,冰清诀,171,解除单人的各种异常状态，并回复30%气血。
特技,独立,玉清诀,172,解除全体队员的各种异常状态
特技,独立,晶清诀,173,解除全体队员的各种异常状态，并回复10%气血
特技,独立,破血狂攻,174,连续攻击物理攻击2次指定目标
特技,独立,河东狮吼,175,降低全体敌人20%的物理伤害，持续5回合
特技,独立,破甲术,176,降低全体敌人20%的物理防御，持续5回合
特技,独立,罗汉金钟,177,全体受到的伤害减半，效果持续4回合
基础指令,独立,攻击,1,给予单个敌人伤害。
基础指令,独立,防御,2,专注于防御，减少受到的伤害。
基础指令,独立,捕捉,3,捕捉宠物所需。
基础指令,独立,召唤,4,召唤宠物所需。
基础指令,独立,撤退,5,敌方角色的行动，撤离战斗。
基础指令,独立,什么也不做,6,真·什么也不做。
特殊技能,独立,余音缭绕,12,对敌人进行法术攻击，让听者错失心神，从而走火入魔。 有15%概率对其附加【状态】状态。
特殊技能,独立,夜来花落,13,对敌人造成法术伤害，有10%概率对其附加【状态】。
特殊技能,独立,千山暮雪,14,对敌方多体造成自身等级*10的固定伤害，有20%概率对其附加【状态】。
特殊技能,独立,观照万象,15,回合数≥3可使用，随机抽取（自身等级/60+1）个主动技能攻击敌人。 （主动技能：目标是敌人且使用后本回合可对其造成伤害的都算。） （冷却回合数30）
特殊技能,独立,仙风云体,139,可免疫封印等异常状态，速度+10%，法术伤害+10%。
特殊技能,独立,承天之祐,140,开局随机对已方多体附加【状态】。
特殊技能,独立,神兽余威,141,普攻会对周围的敌人造成30%的震慑伤害。
特殊技能,独立,听声辨位,142,无视隐身单位，并且让受击者无法闪躲其物理攻击。 （由于注意力太集中，则无法触发嗜血追击/苍鸾怒击/理直气壮）
特殊技能,独立,九气之体,143,免疫暴击，物理伤害 + 20%，且附带高级驱鬼效果。
特殊技能,独立,陌上花开,144,在法术伤害敌人的同时给队友加血。
特殊技能,独立,花仙之体,145,法术连击概率 + 10%，受到技能治疗的效果 + 100%。
特殊技能,独立,缥缈仙体,146,速度 + 20%，增加体质*2的气血上限。（每回合会回复等级*2的血量）
特殊技能,独立,独钓寒江,147,开局随机对已方多体附加【状态】。
辅助技能,独立,变化之术,319,齐天大圣教给三界之士的变化之术，可以延长变化的持久性。 【功效】增加糖果变身时间
辅助技能,独立,中药医理,320,精通岐黄之术可以提高炼制丹药的能力。 【功效】提高练出3级药的概率
高级内丹技能,独立,人踪灭,331,拥有偷袭/高级偷袭时，增加10%的物理伤害和速度。
高级内丹技能,独立,破神力,332,物理必杀率 + 5%，物理必杀伤害 + 30%。
高级内丹技能,独立,妖神体,333,拥有强力/高级强力时，增加20%封印抗性、增加5%命中率。
高级内丹技能,独立,金身相,334,气血上限 + 15%，物法防御 + 10%。
高级内丹技能,独立,斩天罡,335,物理技能伤害 + 30%。
高级内丹技能,独立,观沧海,336,连击/高级连击/理直气壮触发概率 + 15%。
高级内丹技能,独立,飞鸟尽,337,每当战斗开始/被召唤时，会先手释放1个已有的法术技能。 （1个单位1场战斗最多触发1次）
高级内丹技能,独立,鬼无影,338,速度 + 10%，当被比自己速度低的敌人进行物理攻击时，闪避率 + 5%。 免疫隐身/高级隐身的负面效果。
高级内丹技能,独立,落九天,339,使用法术技能时，会造成额外伤害。
高级内丹技能,独立,秋点兵,340,触发法术连击/高级法术连击时，伤害为正常伤害。（原伤害是50%）
高级内丹技能,独立,暗香浮,341,灵力 +（魔法上限*0.015，上限为100点）。 触发法术波动/高级法术波动时，伤害波动更稳定，（低级90%~110%、高级100%~120%）。
高级内丹技能,独立,啸金钟,342,速度 + 10%，开局对已方三名成员附加【状态】。
高级内丹技能,独立,焚身火,343,每回合消耗自身气血上限*25%（最少为等级*12点）的气血值为代价获得【状态】状态。（当不满足代价条件时将会失效） （拥有此技能时，吸血/高级吸血将会失效） （场上每多存在一个焚身火技能的宠物，则焚身火加成效果减少一倍）
高级内丹技能,独立,连环击,344,普攻时每一次攻击会使伤害递增25%，行动结束后清零。 免疫连击/高级连击/理直气壮的负面效果。
低级内丹技能,独立,紫霞,351,体质 + 10%，力量 - 10%。
低级内丹技能,独立,追风,352,拥有感知/高级感知时，会增加30点敏捷属性。
低级内丹技能,独立,易筋,353,耐力 + 15%，魔力 - 15%。
低级内丹技能,独立,鹤唳,354,物理防御 - 5%，拥有灵能激发时，会增加5%灵力。
低级内丹技能,独立,天霜,355,法术爆击/高级法术爆击触发概率 + 8%。
低级内丹技能,独立,强击,356,命中率 + 10%，法术防御 - 5%。
低级内丹技能,独立,云佑,357,拥有幸运/高级幸运时，有10%概率将受到的物理伤害最小化。
低级内丹技能,独立,北冥,358,拥有法术抵抗/高级法术抵抗时，法术防御 + 10%。
低级内丹技能,独立,无相,359,拥有招架/高级招架时，物理防御 + 10%。
低级内丹技能,独立,霸王,360,当自身受到法术攻击时，有10%概率会加血。
低级内丹技能,独立,破浪,361,物法伤害 + 10%，物法防御 - 10%。
低级内丹技能,独立,太幽,362,拥有夜战/高级夜战时，物理必杀率 + 5%。
低级内丹技能,独立,寂灭,363,触发苍穹怒击/嗜血追击时，物理伤害 + 15%。
低级内丹技能,独立,化清,364,"使用法术技能时，忽略掉""被选择目标""20%的法术防御。"
低级内丹技能,独立,琉璃,365,速度 - 10%，拥有魔之心/高级魔之心时，法术伤害 + 10%。
低级内丹技能,独立,扶摇,366,拥有敏捷/高级敏捷的情况下，开局对已方三名成员附加【状态】。
低级内丹技能,独立,铭鸿,367,触发神佑复生/高级神佑复生时，会给三名队友增加气血。
低级内丹技能,独立,自省,368,"去除合纵/高级合纵会""增加被封概率""的负面效果。"
低级内丹技能,独立,坚定,369,触发套装的法术追加时，会提高追加技能20%的伤害。
低级内丹技能,独立,伴云,370,拥有鬼魂术/高级鬼魂术的情况下，让死亡后等待复活的回合数 - 1。
低级内丹技能,独立,紧盯,371,当攻击被敌人闪避时，会立刻对其附加【状态】。
低级内丹技能,独立,暗算,372,当攻击的对象存在异常状态时，会随机清除掉对方一个异常状态并额外造成一定的伤害。
新特效,独立,凌波,381,速度+5% 【仅限人物鞋子】
新特效,独立,抗封,382,封印抗性+5% 【仅限人物鞋子】
新特效,独立,傲战,383,暴击伤害+30% 【仅限人物头盔】
新特效,独立,掠影,384,封印命中率+5% 【仅限人物头盔】
新特效,独立,雪饮,385,物理攻击附带吸血效果 【仅限人物武器】
新特效,独立,灼华,386,法术伤害+5% 【仅限人物武器】
新特效,独立,七伤,387,"物理暴击率+5%, 法术暴击率+5% 【仅限人物项链】"
新特效,独立,风华,388,法防+5% 【仅限人物项链】
新特效,独立,琼玉,389,物防+5% 【仅限人物衣服】
新特效,独立,承霖,390,受到法术治疗效果+20% 【仅限人物衣服】
新特效,独立,鲲鹏,391,气血上限+5% 【仅限人物腰带】
新特效,独立,蛮荒,392,佩戴者的宠物+5%伤害 【仅限人物腰带】
锻造技能,独立,波及,401,"""普通攻击/物理技能攻击""时，每次攻击都有5%概率让全部敌人受到同样的伤害 (如果此次行动已经触发，则下次行动才会再有概率触发)"
锻造技能,独立,重击,402,"""普通攻击/物理技能攻击""时，每次攻击都有6%概率会对选择的目标造成2.5倍伤害 (如果此次行动已经触发，则下次行动才会再有概率触发)"
锻造技能,独立,破击,403,"""普通攻击/物理技能攻击""时，每次攻击都有12%概率会对选择的目标造成3倍伤害 (如果此次行动已经触发，则下次行动才会再有概率触发)"
锻造技能,独立,致命,404,普通攻击必杀伤害额外提升 2.5 倍 物理技能必杀伤害额外提升 2 倍 法术技能必杀伤害额外提升 1 倍
锻造技能,独立,心得,405,武器拥有的法术追加技能触发概率 + 3% 防具拥有的法术追加技能触发概率 + 1% 概率可叠加
锻造技能,独立,免疫,406,0.6% 概率躲避一次伤害 多件装备概率可叠加
灵饰套装技能,独立,翩若惊鸿,431,物理暴击率+10%，物理伤害+20% 佩戴四件相同技能的灵饰方可生效
灵饰套装技能,独立,婉若游龙,432,法术暴击率+10%，法术伤害+15% 佩戴四件相同技能的灵饰方可生效
灵饰套装技能,独立,韬光韫玉,433,速度+10%，受到所有伤害减少10% 佩戴四件相同技能的灵饰方可生效
灵饰套装技能,独立,海棠醉日,434,速度+10%，治疗效果+20% 佩戴四件相同技能的灵饰方可生效
灵饰套装技能,独立,清风霁月,435,怒气回复+20%，使用特技所需要的愤怒值减少20% 佩戴四件相同技能的灵饰方可生效
灵饰套装技能,独立,花辰月夕,436,携带的宠物伤害+10%，受到所有伤害减少10% 佩戴四件相同技能的灵饰方可生效
灵饰套装技能,独立,暮云春树,437,气血+10%，人物装备套装触发概率+10% 佩戴四件相同技能的灵饰方可生效
灵饰套装技能,独立,钟灵毓秀,438,穿戴角色的野怪经验获取+20%，野怪金钱获取+10% 佩戴四件相同技能的灵饰方可生效
更多特效,独立,高级简易,451,装备要求佩戴等级 - 20 【仅限灵饰】
更多特效,独立,反击,452,反击率 + 5% 【仅限灵饰】
更多特效,独立,物反,453,物理反震率 + 5% 【仅限灵饰】
更多特效,独立,法反,454,法术反震率 + 5% 【仅限灵饰】
更多特效,独立,躲避,455,躲避率 + 5% 【仅限灵饰】
更多特效,独立,上善若水,456,受到物理伤害时 5% 概率会只受到1点伤害，法伤抗性 + 5% 【仅限灵饰】
更多特效,独立,道法自然,457,"所有属性点 + 10, 气血 + 50, 法力 + 50 【仅限灵饰】"
更多特效,独立,厚德载物,458,伤害 - 100，灵力 - 100 物理防御 + 100，法术防御 + 100 【仅限灵饰】
更多特效,独立,自强不息,459,物理防御 - 100，法术防御 - 100 伤害 + 100，灵力 + 100 【仅限灵饰】
坐骑特性,独立,鼠来鼠往,471,[理直气壮/高级连击/连击]触发概率+15%。 但是15%概率会逃跑
坐骑特性,独立,勇敢牛牛,472,受到伤害时回复自身气血上限 5% 的气血。
坐骑特性,独立,虎虎生威,473,回合结束有20%概率附加【状态】。
坐骑特性,独立,兔兔斯基,474,受到暴击伤害减少30%
坐骑特性,独立,龙战玄黄,475,减少15%气血上限，物理攻击 10% 概率会波及敌人五个目标
坐骑特性,独立,蛇皮走位,476,9% 概率躲避一次伤害
坐骑特性,独立,害群之马,477,被打飞场外的时候，会对敌方全体附加【状态】
坐骑特性,独立,好运羊羊,478,战斗开始随机获得[定心/灵动/变身/金刚护体/迷神香雾/柳暗花明/神龙摆尾]其中一个状态
坐骑特性,独立,猴子偷桃,479,物理攻击目标时，有30%概率偷取目标一个buff
坐骑特性,独立,鸡你太美,480,"使用物理技能击杀目标后，会在附近留下一只<定时炸鸡>，一个回合后会对周围最近的三个目标造成一定伤害。 如果多个<定时炸鸡>在同一回合爆炸，炸弹共同涉及的目标伤害将会递增。 (击飞目标后必定留下一颗炸弹, 击倒目标后75%概率留下一颗炸弹)"
坐骑特性,独立,狗头军师,481,法术伤害+20%，但有15%概率导致法术失效 (仅限使用法术伤害技能时)
坐骑特性,独立,小猪佩奇,482,免疫被法术暴击
坐骑特性,独立,青龙,483,左神兽之青龙，套装触发概率+10%，速度+10%
坐骑特性,独立,白虎,484,右神兽之白虎，物理技能伤害 + 50%，且无视目标 30% 的防御。
坐骑特性,独立,朱雀,485,上神兽之朱雀，[水漫金山/泰山压顶/奔雷咒/地狱烈火]目标+1，且增加法力属性点*0.16的灵力
坐骑特性,独立,玄武,486,下神兽之玄武，物理防御+15%，气血上限+10%，且50%概率替主人分摊一半受到的伤害
剧情技能,独立,雪球攻击,501,
剧情技能,独立,雪人庇护,502,
剧情技能,独立,审判,503,
剧情技能,独立,合击,504,与其他队友一起合击。
符文技能,独立,忠诚,551,对主人附加【状态】。
符文技能,独立,守护,552,对随机一名队员附加【状态】。
符文技能,独立,自爆,553,以自身死亡为代价随机对一名敌人造成伤害。 (一场战斗只能生效一次)
符文技能,独立,陷阱,554,敌方主怪外的随机三名敌人附加【状态】。
符文技能,独立,洗脑,555,敌方主怪外的随机三名敌人附加【状态】。
符文技能,独立,净化,556,将已方随机三名成员解除 1~2 个异常状态。
符文技能,独立,怒火,557,自身附加【状态】。
符文技能,独立,君臣,558,将全体队友各 1~3% 的气血吸收并补充到自己身上。 (队友气血最少会保持到1点，不会死亡)
符文技能,独立,法医,559,将自身法力值转换为气血平分给所有阵亡的队友。
符文技能,独立,同性,560,当队伍中全体性别一致时，全体队员气血恢复20%，并附加【状态】。
符文技能,独立,呐喊,561,将3~6名敌人的负面状态延长1~2回合。
符文技能,独立,嘲讽,562,敌方全体成员附加【状态】。
符文技能,独立,移魂,563,将自身气血的百分比设置成随机一名敌人的气血百分比。
符文技能,独立,借魄,564,将自身法力的百分比设置成随机一名敌人的气血百分比。
符文技能,独立,狂暴,565,自身附加【状态】。
符文技能,独立,狼灭,566,自身附加【状态】。
符文技能,独立,显形,567,去除敌方全体成员的隐身效果。
符文技能,独立,幻影,568,自身附加【状态】。
符文技能,独立,梦魇,569,将已方全体存活成员的气血百分比随机洗牌。
符文技能,独立,献祭,570,以自身死亡为代价，恢复全体人物100%的气血和法力。
符文技能,独立,灵光,571,自身附加【状态】。
符文技能,独立,信仰,572,自身附加【状态】。
符文技能,独立,迅驰,573,自身附加【状态】。
符文技能,独立,化解,574,自身附加【状态】。
上古技能,独立,上古横扫千军,601,对单个敌人连续物理攻击3次。
上古技能,独立,上古推气过宫,602,已方全体恢复气血。
上古技能,独立,上古失心符,603,敌方四名成员有概率附加【状态】。
上古技能,独立,上古雨落寒沙,604,对全体敌人造成“施法者等级*10+100”的固定伤害，且有概率对其附加【状态】。
上古技能,独立,上古飞砂走石,605,对全体敌人进行法术攻击。
上古技能,独立,变身,606,使用者附加【状态】。(使用象形、鹰击、狮搏和连环击的前提)
上古技能,独立,上古修罗隐身,607,已方五个目标附加【状态】。
上古技能,独立,上古天蚕丝,608,已方四个目标附加【状态】。
上古技能,独立,天雷斩,609,对多个敌人进行物理攻击。
上古技能,独立,龙腾,610,对单个敌人进行法术攻击，造成高额法术伤害。
上古技能,独立,上古天地同寿,611,已方全体附加【状态】。
上古技能,独立,上古杨柳甘露,612,让三个阵亡的队友复活并恢复气血值。
专属技能,独立,超级神柚复生,651,受到致命伤害时40%几率回复满血。 (如果与鬼魂术或高级鬼魂术同时存在，则失效) ——毕竟是天命之选，也可以叫我“超级神佑复生”。
专属技能,独立,溜之大吉,652,自身速度提高20%，躲避率增加10%。 ——嗖的一声
专属技能,独立,神出鬼没,653,进入战斗后获得修罗隐身状态2-3回合；隐身状态下伤害效果提高10%，躲避率增加10%。 ——略略略，打不到我~
专属技能,独立,昼伏夜出,654,夜间物理伤害提高10%、躲避率增加10%。 ——你要提打架我可就不困了。
专属技能,独立,狂莽一击,655,物理伤害结果提升，但攻击时可能发生偏差。 ——“主人，俺是听你话才冲出去的……” ——“可你撞错人了啊~~！”
专属技能,独立,逍遥游,656,无
专属技能,独立,北冥之渊,657,物理技能攻击时会对十字方向上的就近敌人造成一定伤害。
专属技能,独立,水击三千,658,临时提升物理伤害结果和暴击倍率进行一次物理攻击。 ——鹏之徙于南冥，水击三千里。
专属技能,独立,招财进宝,659,物理攻击时，较小几率出现一个元宝，额外造成大量伤害。 仅元宝龟可拥有此技能 ——千金散尽还复来
专属技能,独立,洞察,660,物理攻击时，随机侦差一名对方单位气血。 仅天机虫可拥有此技能 ——咦，敌人的弱点已探查清楚。
专属技能,独立,虎虎生风,661,大幅提升必杀伤害结果。 ——威风凛凛，虎虎生风！
专属技能,独立,好梦连连,662,进入战斗时随机触发“【状态】”状态，并会在两种状态间切换，每四回合转变一次。 ——睡着的时候可不要打搅我！
专属技能,独立,迅风出击,663,施展高速攻击，额外释放等同迅风数的风暴攻击。 ——无惧风暴，本少主就是风暴！
专属技能,独立,焚天陨火,664,每次物理攻击获得一点劫火，获得第三点时，额外触发一次法术攻击。 ——看我的小拳拳，嗷呜~~。
专属技能,独立,泡泡相伴:物理,665,当物理攻击发生必杀时，临时提升伤害力进行一次强力追击。 “和泡泡一起，再来一锤！”
专属技能,独立,泡泡相伴:法术,666,当法术攻击发生法术暴击时，进行一次法术追击。 “和泡泡一起，再来一击！”
专属技能,独立,风起龙游,667,攻击速度低于自身的目标，提升10%的伤害效果。 （仅龙族召唤兽携带生效） ——龙行于天，必凭风而起卷万里。
专属技能,独立,薪火相传,668,替换其他召唤兽出场时，被替换召唤兽的当前气血将转化为护盾。 （仅凤族召唤兽携带生效） ——你的力量为我所用，你的愿望由我继承。
专属技能,独立,欣欣向荣,669,提升40%最大生命值，五行为木时生效。 （无法再触发神佑复生和鬼魂术） ——这就是生命的力量。
专属技能,独立,出奇制胜,670,第二回合及之后入场后，使用的第一个法术造成的法术伤害提升25%。 （仅狐族召唤兽携带生效） ——惊喜不惊喜？
专属技能,独立,花好月圆,671,每回合结束时，有25%几率增添自身颜色并恢复自身等级×8气血。 仅长乐灵仙可拥有此技能 ——等待四季，终遇花开。
专属技能,独立,无赦魔诀,672,攻击的目标触发神佑复生、高级神佑复生时，降低其20%的最大气血值，持续到战斗结束。 仅魔化毗舍童子可拥有此技能 ——神佛再也无法护佑你，而且我讨厌绿色。
专属技能,独立,出其不意,673,使用本回合己方召唤兽未使用过的技能时，造成的伤害结果提升15%。
专属技能,独立,神来气旺,674,使用“地狱烈火”时的初始目标伤害提高；作用目标数每回合有50%概率+1，可叠加，成功触发后概率递减。 ——丑时春入户，牛岁福临门。
专属技能,独立,超级三昧真火,675,对敌方单个目标造成法术伤害。 ——比我爹的牛
专属技能,独立,桀骜自恃,676,法术暴击几率增加50%，且免疫其他逃跑技能。 ——观音我都不怕
专属技能,独立,圣婴大王,677,增加自身法力点*0.5的法术伤害力。 ——你才修炼几年？
专属技能,独立,焰火烁星,678,发动法术攻击多个目标。进入战斗时概率获得【状态】。 ——轰隆！看这盛大的烟火！
九黎城,独立,一斧开天,701,对敌方单体进行2次物理攻击，使用后有概率令目标进入【状态】状态。
九黎城,独立,枫影二刃,702,对敌方单体发动2次物理攻击，使用后自己有概率获得【状态】状态。
九黎城,独立,三荒尽灭,703,对敌方三个目标发动物理攻击，使用后有概率令目标进入【状态】状态。
九黎城,独立,铁血生风,704,对敌方单体发动物理攻击，如果目标处于“浮空”状态，额外发动1~2次物理攻击。
九黎城,独立,力劈苍穹,705,对敌方全部处于“浮空”状态的目标连续发动2~3次物理攻击，然后取消全部目标的“浮空”状态。
九黎城,独立,黎魂,706,每回合可以释放2~3个师门技能。
九黎城,独立,战鼓,707,使用师门技能攻击敌人时会累加连击值，连击值越大，下回合“黎魂”触发3个技能概率越高。
九黎城,独立,怒哮,708,使用一斧开天后如果目标没有处于“浮空”状态，45%概率自己获得【状态】。
九黎城,独立,炎魂,709,血量低于30%时增加一定的攻击力，血量越低加成越高，最高不超过8%。
九黎城,独立,屠夫,710,当持有双斧武器（武器类型及等级一致）时，双斧基础属性加成从60%提升至65%，坤斧的宝石加成从50%提升至60%。
凌波城,独立,裂石,713,对敌方单体发动物理攻击，同时增加1点战意。
凌波城,独立,断岳势,714,对敌方单体发动2次物理攻击，消耗1点战意。
凌波城,独立,天崩地裂,715,对敌方单体发动3次物理攻击，消耗3点战意。
凌波城,独立,浪涌,716,对敌方多体发动物理攻击，同时增加1点战意。
凌波城,独立,惊涛怒,717,对敌方四个目标发动物理攻击，消耗1点战意。
凌波城,独立,翻江搅海,718,对敌方多体发动物理攻击，消耗3点战意。
凌波城,独立,碎星诀,719,已方单体附加【状态】。
凌波城,独立,战意,720,进入战斗获得两点战意，战意点数将提升自己的物理伤害。 提升(战意数量*战意数量/2)% 的封印抗性，战意最多累计6点，死亡后战意减半
凌波城,独立,吞山,721,使用裂石/断岳势/天崩地裂技能的暴击几率+5%
凌波城,独立,饮海,722,使用浪涌/惊涛怒/翻江倒海技能时忽略敌人一定的防御力。
凌波城,独立,不动如山,723,已方单体附加【状态】。
凌波城,独立,腾雷,724,对敌方单体发动物理攻击，并对其附加【状态】。
超级召唤兽技能,独立,超级反击,800,受到普通攻击时有30%几率反击。 在场时主人首次被敌方普通攻击时，必定用物理攻击进行反击。
超级召唤兽技能,独立,超级反震,801,受到普通攻击时有30%几率反震60%伤害给对方。
超级召唤兽技能,独立,超级吸血,802,普通攻击将吸取对方30%作为气血恢复。(物理技能下只能吸取20%) 溢出气血的50%转化为护盾。
超级召唤兽技能,独立,超级连击,803,"普通攻击时有55%几率连续攻击两次，触发连击时有15%几率额外攻击1次。 (拥有此技能会自身降低20%的物理伤害，""理直气壮""存在时则失效)"
超级召唤兽技能,独立,超级飞行,804,闪避 + 30%，法术防御 + 2%。 天气为“风”时造成的造成的物理伤害提升20%。
超级召唤兽技能,独立,超级夜战,805,必杀率 + 10%，法术防御 + 2%。 （夜间战斗闪避 + 20%）
超级召唤兽技能,独立,超级隐身,806,战斗开局会附加【状态】状态。 (拥有此技能会自身降低10%的物理伤害)
超级召唤兽技能,独立,超级感知,807,可以无视隐身的单位，躲避 + 10%。 在场时主人也获得“感知”，最多持续5回合。
超级召唤兽技能,独立,超级再生,808,每回合恢复一定的气血。(有10%几率恢复量会*12)
超级召唤兽技能,独立,超级冥思,809,每回合恢复一定的魔法。 在场时主人也获得“冥思”，最多持续5回合。
超级召唤兽技能,独立,超级慧根,810,法力消耗降低 50%。(有15%几率不消耗魔法)
超级召唤兽技能,独立,超级必杀,811,必杀率 + 20%。(必杀时有25%的几率额外提高30%的必杀伤害)
超级召唤兽技能,独立,超级幸运,812,不会受到必杀效果，物理伤害 + 5%。(有5%的概率免疫受到的攻击)
超级召唤兽技能,独立,超级神迹,813,抗封印概率 + 40%，物理伤害 - 10%。 回合结束时，若主人倒地，尝试复活并解除其封印，恢复主人自身等级*12的气血后自己离场。
超级召唤兽技能,独立,超级招架,814,物防 + 20%。(当对方有强力或高级强力时则失效) 进入战斗时获得一层“金身”。
超级召唤兽技能,独立,超级永恒,815,受到辅助状态的回合数 + 4。 主动技能：对已方单体施展，回合结束后目标的气血魔法恢复到被施展此法术前的状态。
超级召唤兽技能,独立,超级敏捷,816,速度 + 20%。(50%概率额外行动一次)
超级召唤兽技能,独立,超级强力,817,增加(等级*0.7)的攻击。 有10%几率使敌人旋转并附加【状态】。
超级召唤兽技能,独立,超级防御,818,增加(等级*1)的防御。
超级召唤兽技能,独立,超级偷袭,819,避免被敌人反击和反震，物理伤害 + 15%。
超级召唤兽技能,独立,超级毒,820,普攻有20%的几率使其附加【状态】。 且随机降低中毒者目标的攻击、防御、法伤或法防。
超级召唤兽技能,独立,超级驱鬼,821,对有鬼魂术、高级鬼魂术的敌人造成250%的伤害，且不会触发复活。
超级召唤兽技能,独立,超级鬼魂术,822,速度 + 10%，死亡3回合后满血复活。 (不能作为“复活类”药品和技能的对象)
超级召唤兽技能,独立,超级魔之心,823,法术伤害 + 25%。
超级召唤兽技能,独立,超级神佑复生,824,受到致命伤害时30%几率回复满血，第一次触发神佑复生必定生效。 (如果与鬼魂术或高级鬼魂术同时存在，则失效)
超级召唤兽技能,独立,超级精神集中,825,抗封印概率 + 40%，但自身速度 - 10%。 受到的伤害随机降低1%~10%。
超级召唤兽技能,独立,超级否定信仰,826,抗封印概率 + 50%，但法术伤害 - 10%。
超级召唤兽技能,独立,超级法术连击,827,法术攻击有30%的几率会连击一次。 (连击的伤害是正常的25%)
超级召唤兽技能,独立,超级法术暴击,828,法术暴击率 + 20%。(暴击时有25%的几率额外提高20%的暴击伤害)
超级召唤兽技能,独立,超级法术波动,829,法术攻击时伤害会在85%-150%浮动。(免疫被敌人法术反震)
超级召唤兽技能,独立,超级法术抵抗,830,法术防御 + 10%。 进场时额外附加【状态】状态。
超级召唤兽技能,独立,超级法术反震,831,受到法术攻击时有30%几率反震60%伤害给对方。
超级召唤兽技能,独立,超级盾气,832,"战斗开始增加(等级*2)的防御，持续5回合。随着每回合减少等级*0.4的防御。 (拥有隐身时盾气失效，不受""永恒""和""高级永恒""的影响) 在场时主人也获得“盾气”，最多持续5回合。"
超级召唤兽技能,独立,超级合纵,833,本方每有一种不同的召唤兽，就会提高(等级*1)的物理伤害。 (自身被封印的几率会增加10%)
超级召唤兽技能,独立,超级独行,834,抗封印概率 + 50%，法术防御 + 5%。
